{
    "loss": 20.049917221069336,
    "accuracy": 0.5395683646202087
}